{
  "project_info": {
    "project_number": "292901848493",
    "project_id": "examcricket",
    "storage_bucket": "examcricket.appspot.com"
  },
  "client": [
    {
      "client_info": {
        "mobilesdk_app_id": "1:292901848493:android:f92c2c0cd351e7d2664d24",
        "android_client_info": {
          "package_name": "in.visiontech.examcricket"
        }
      },
      "oauth_client": [
        {
          "client_id": "292901848493-6ld8sv4djhudatom4jo34dlaf6ubiq6t.apps.googleusercontent.com",
          "client_type": 3
        }
      ],
      "api_key": [
        {
          "current_key": "AIzaSyCq-aEMZ1phVFsNiR4JuD5-huUR4jRWIok"
        }
      ],
      "services": {
        "appinvite_service": {
          "other_platform_oauth_client": [
            {
              "client_id": "292901848493-6ld8sv4djhudatom4jo34dlaf6ubiq6t.apps.googleusercontent.com",
              "client_type": 3
            }
          ]
        }
      }
    }
  ],
  "configuration_version": "1"
}